"Местное время в Казани-Опорной","T","Po","P","Pa","U","DD","Ff","ff10","ff3","N","WW","W1","W2","Tn","Tx","Cl","Nh","H","Cm","Ch","VV","Td","RRR","tR","E","Tg","E'","sss"
"30.04.2019 21:00","5,7","753,8","764,7","0,1",34,"Ветер, дующий с западо-юго-запада",1,,,"70 – 80%."," ",,,,,"Слоисто-кучевые, образовавшиеся не из кучевых.","20–30%.","1000-1500","Высококучевые просвечивающие, расположенные на одном уровне.","Перистых, перисто-кучевых или перисто-слоистых нет.","10,0","-9,0",,,,,,
"30.04.2019 18:00","6,9","753,7","764,5","-0,7",29,"Ветер, дующий с запада",3,,,"90  или более, но не 100%"," ",,,,"8,1","Слоисто-кучевые, образовавшиеся не из кучевых.","40%.","1000-1500","Высококучевые просвечивающие, расположенные на одном уровне.","Перистых, перисто-кучевых или перисто-слоистых нет.","10,0","-9,9","Осадков нет",12,,,,
"30.04.2019 15:00","7,2","754,4","765,2","-0,8",27,"Ветер, дующий с западо-северо-запада",4,,,"90  или более, но не 100%"," ",,,,,"Слоисто-кучевые, образовавшиеся не из кучевых.","60%.","600-1000","Высококучевые просвечивающие, расположенные на одном уровне.","Перистых, перисто-кучевых или перисто-слоистых нет.","10,0","-10,8",,,,,,
"30.04.2019 12:00","6,4","755,2","766,0","-0,4",29,"Ветер, дующий с запада",3,,,"90  или более, но не 100%"," ",,,,,"Слоисто-кучевые, образовавшиеся не из кучевых.","60%.","600-1000","Высококучевые просвечивающие, расположенные на одном уровне.","Перистых, перисто-кучевых или перисто-слоистых нет.","10,0","-10,7",,,,,,
"30.04.2019 09:00","6,0","755,6","766,5","0,1",29,"Ветер, дующий с северо-востока",1,,,"70 – 80%."," ",,,,,"Слоисто-кучевые, образовавшиеся не из кучевых.","20–30%.","1000-1500","Высококучевые просвечивающие, расположенные на одном уровне.","Перистых, перисто-кучевых или перисто-слоистых нет.","10,0","-10,8",,,,,,
"30.04.2019 06:00","2,8","755,5","766,6","0,3",42,"Ветер, дующий с запада",1,,,"100%."," ",,,"2,3",,"Слоисто-кучевых, слоистых, кучевых или кучево-дождевых облаков нет.","100%.","2500 или более, или облаков нет.","Высококучевые просвечивающие, полосами, либо один или несколько слоев высококучевых просвечивающих, распространяющихся по небу; эти высококучевые в целом уплотняются.",,"10,0","-9,0","Осадков нет",12,"Поверхность почвы сухая (без трещин и без заметного количества пыли или несвязанного песка).","0,0",,
"30.04.2019 03:00","2,7","755,2","766,2","0,2",36,"Штиль, безветрие",0,,,"70 – 80%."," ",,,,,"Слоисто-кучевых, слоистых, кучевых или кучево-дождевых облаков нет.","70 – 80%.","2500 или более, или облаков нет.","Высококучевые просвечивающие, расположенные на одном уровне.","Перистых, перисто-кучевых или перисто-слоистых нет.","10,0","-11,0",,,,,,
"30.04.2019 00:00","2,6","755,0","766,0","0,6",34,"Штиль, безветрие",0,,,"50%."," ",,,,,"Слоисто-кучевых, слоистых, кучевых или кучево-дождевых облаков нет.","50%.","2500 или более, или облаков нет.","Клочья (часто чечевицеобразные) высококучевых просвечивающих, непрерывно изменяющихся; расположены на одном или более уровнях.","Перистых, перисто-кучевых или перисто-слоистых нет.","10,0","-11,7",,,,,,
"29.04.2019 21:00","4,3","754,4","765,4","0,9",29,"Ветер, дующий с севера",1,,,"Облаков нет."," ",,,,,,,,,,"10,0","-12,3",,,,,,
"29.04.2019 18:00","6,3","753,5","764,4","-0,2",22,"Ветер, дующий с северо-северо-запада",2,,,"50%."," ",,,,"7,4","Слоисто-кучевых, слоистых, кучевых или кучево-дождевых облаков нет.","50%.","2500 или более, или облаков нет.","Клочья (часто чечевицеобразные) высококучевых просвечивающих, непрерывно изменяющихся; расположены на одном или более уровнях.","Перистых, перисто-кучевых или перисто-слоистых нет.","10,0","-13,8","Осадков нет",12,,,,
"29.04.2019 15:00","7,2","753,7","764,5","-0,3",22,"Ветер, дующий с северо-запада",3,,,"60%."," ",,,,,"Слоисто-кучевые, образовавшиеся не из кучевых.","60%.","1000-1500","Высококучевых, высокослоистых или слоисто-дождевых облаков нет.","Перистых, перисто-кучевых или перисто-слоистых нет.","10,0","-13,3",,,,,,
"29.04.2019 12:00","5,4","754,0","764,9","0,5",27,"Ветер, дующий с севера",3,,,"60%."," ",,,,,"Слоисто-кучевые, образовавшиеся не из кучевых.","60%.","1000-1500","Высококучевых, высокослоистых или слоисто-дождевых облаков нет.","Перистых, перисто-кучевых или перисто-слоистых нет.","10,0","-12,1",,,,,,
"29.04.2019 09:00","3,0","753,5","764,5","1,1",38,"Ветер, дующий с севера",3,,,"40%."," ",,,,,"Слоисто-кучевые, образовавшиеся не из кучевых.","40%.","1000-1500","Высококучевых, высокослоистых или слоисто-дождевых облаков нет.","Перистых, перисто-кучевых или перисто-слоистых нет.","10,0","-10,0",,,,,,
"29.04.2019 06:00","-0,6","752,4","763,5","1,1",64,"Ветер, дующий с северо-северо-запада",2,,,"Облаков нет."," ",,,"-1,5",,,,,,,"10,0","-6,6","Осадков нет",12,"Поверхность почвы сухая (без трещин и без заметного количества пыли или несвязанного песка).","-3,0",,
"29.04.2019 03:00","-0,9","751,3","762,4","0,9",65,"Ветер, дующий с севера",2,,,"Облаков нет."," ",,,,,,,,,,"10,0","-6,8",,,,,,
"29.04.2019 00:00","0,6","750,4","761,5","1,1",48,"Ветер, дующий с севера",2,,,"Облаков нет."," ",,,,,,,,,,"10,0","-9,3",,,,,,
"28.04.2019 21:00","3,2","749,3","760,3","1,6",35,"Ветер, дующий с севера",2,,11,"Облаков нет."," ",,,,,,,,,,"10,0","-10,8",,,,,,
"28.04.2019 18:00","5,8","747,7","758,5","0,9",30,"Ветер, дующий с севера",4,11,12,"20–30%."," ",,,,"7,7","Слоисто-кучевые, образовавшиеся не из кучевых.","20–30%.","600-1000","Высококучевых, высокослоистых или слоисто-дождевых облаков нет.","Перистых, перисто-кучевых или перисто-слоистых нет.","10,0","-10,4",3,12,,,,
"28.04.2019 15:00","5,0","746,8","757,6","1,4",53,"Ветер, дующий с северо-северо-запада",3,,,"90  или более, но не 100%","Состояние неба в общем не изменилось. ","Снег или дождь со снегом.","Дождь.",,,"Слоисто-кучевые, образовавшиеся не из кучевых.","90  или более, но не 100%","600-1000","Высококучевых, высокослоистых или слоисто-дождевых облаков нет.","Перистых, перисто-кучевых или перисто-слоистых нет.","10,0","-3,9",,,,,,
"28.04.2019 12:00","1,8","745,4","756,3","2,1",80,"Ветер, дующий с северо-северо-запада",3,,10,"100%.","Состояние неба в общем не изменилось. ","Снег или дождь со снегом.","Дождь.",,,"Слоисто-кучевые, образовавшиеся не из кучевых.","100%.","600-1000",,,"10,0","-1,3",,,,,,
"28.04.2019 09:00","1,8","743,3","754,1","2,2",91,"Ветер, дующий с севера",3,,,"100%.","Дождь или морось со снегом слабые. ","Снег или дождь со снегом.","Дождь.","1,8",,"Слоисто-кучевых, слоистых, кучевых или кучево-дождевых облаков нет.","100%.","600-1000","Высокослоистые непросвечивающие или слоисто-дождевые.",,"10,0","0,4",,,,,,
"28.04.2019 06:00","7,6","741,1","751,8","0,4",68,"Ветер, дующий с севера",3,,,"100%."," ",,,"7,6",,"Слоисто-кучевые, образовавшиеся не из кучевых.","70 – 80%.","600-1000","Высокослоистые непросвечивающие или слоисто-дождевые.",,"10,0","2,1","Осадков нет",12,"Поверхность почвы сухая (без трещин и без заметного количества пыли или несвязанного песка).","7,0",,
"28.04.2019 03:00","12,4","740,7","751,1","-1,4",52,"Ветер, дующий с запада",1,,,"70 – 80%."," ",,,,,"Слоисто-кучевые, образовавшиеся не из кучевых.","70 – 80%.","600-1000","Высококучевых, высокослоистых или слоисто-дождевых облаков нет.","Перистых, перисто-кучевых или перисто-слоистых нет.","10,0","2,6",,,,,,
"28.04.2019 00:00","14,0","742,1","752,5","-1,5",46,"Ветер, дующий с запада",1,,,"90  или более, но не 100%"," ",,,,,"Слоисто-кучевые, образовавшиеся не из кучевых.","90  или более, но не 100%","600-1000","Высококучевых, высокослоистых или слоисто-дождевых облаков нет.","Перистых, перисто-кучевых или перисто-слоистых нет.","10,0","2,5",,,,,,
"27.04.2019 21:00","17,4","743,6","753,9","-0,8",32,"Ветер, дующий с запада",4,,10,"90  или более, но не 100%"," ",,,,,"Слоисто-кучевые, образовавшиеся не из кучевых.","90  или более, но не 100%","600-1000","Высококучевых, высокослоистых или слоисто-дождевых облаков нет.","Перистых, перисто-кучевых или перисто-слоистых нет.","10,0","0,4",,,,,,
"27.04.2019 18:00","19,8","744,4","754,6","-1,9",19,"Ветер, дующий с запада",2,,,"20–30%."," ",,,,"20,1","Слоисто-кучевых, слоистых, кучевых или кучево-дождевых облаков нет.","Облаков нет.","2500 или более, или облаков нет.","Высококучевых, высокослоистых или слоисто-дождевых облаков нет.","Перистые нитевидные, иногда когтевидные, не распространяющиеся по небу.","10,0","-4,7","Осадков нет",12,,,,
"27.04.2019 15:00","19,8","746,3","756,5","-2,0",17,"Ветер, дующий с запада",4,,,"Облаков нет."," ",,,,,,,,,,"10,0","-6,1",,,,,,
"27.04.2019 12:00","17,7","748,3","758,7","-1,9",21,"Ветер, дующий с западо-юго-запада",3,,,"20–30%."," ",,,,,"Слоисто-кучевых, слоистых, кучевых или кучево-дождевых облаков нет.","Облаков нет.","2500 или более, или облаков нет.","Высококучевых, высокослоистых или слоисто-дождевых облаков нет.","Перистые нитевидные, иногда когтевидные, не распространяющиеся по небу.","10,0","-5,1",,,,,,
"27.04.2019 09:00","14,2","750,2","760,7","-1,8",27,"Ветер, дующий с западо-юго-запада",2,,,"60%."," ",,,,,"Слоисто-кучевых, слоистых, кучевых или кучево-дождевых облаков нет.","Облаков нет.","2500 или более, или облаков нет.","Высококучевых, высокослоистых или слоисто-дождевых облаков нет.","Перистые нитевидные, иногда когтевидные, не распространяющиеся по небу.","10,0","-4,8",,,,,,
"27.04.2019 06:00","6,1","752,0","762,9","-0,8",48,"Ветер, дующий с юго-востока",1,,,"60%."," ",,,"3,8",,"Слоисто-кучевых, слоистых, кучевых или кучево-дождевых облаков нет.","Облаков нет.","2500 или более, или облаков нет.","Высококучевых, высокослоистых или слоисто-дождевых облаков нет.","Перистые когтевидные или нитевидные или первые и вторые, распространяющиеся по небу и в целом обычно уплотняющиеся.","10,0","-4,2","Осадков нет",12,"Поверхность почвы сухая (без трещин и без заметного количества пыли или несвязанного песка).","-1,0",,
"27.04.2019 03:00","4,3","752,8","763,8","-0,3",55,"Штиль, безветрие",0,,,"Облаков нет."," ",,,,,,,,,,"10,0","-4,1",,,,,,
"27.04.2019 00:00","6,6","753,1","763,9","0,1",44,"Штиль, безветрие",0,,,"Облаков нет."," ",,,,,,,,,,"10,0","-4,8",,,,,,
"26.04.2019 21:00","11,1","753,0","763,6","0,4",30,"Ветер, дующий с севера",1,,,"20–30%."," ",,,,,"Слоисто-кучевых, слоистых, кучевых или кучево-дождевых облаков нет.","Облаков нет.","2500 или более, или облаков нет.","Высококучевых, высокослоистых или слоисто-дождевых облаков нет.","Перистые нитевидные, иногда когтевидные, не распространяющиеся по небу.","10,0","-6,0",,,,,,
"26.04.2019 18:00","14,0","752,6","763,1","-0,2",25,"Ветер, дующий с северо-северо-запада",3,,,"70 – 80%."," ",,,,"15,8","Слоисто-кучевых, слоистых, кучевых или кучево-дождевых облаков нет.","Облаков нет.","2500 или более, или облаков нет.","Высококучевых, высокослоистых или слоисто-дождевых облаков нет.","Перистые когтевидные или нитевидные или первые и вторые, распространяющиеся по небу и в целом обычно уплотняющиеся.","10,0","-5,6","Осадков нет",12,,,,
"26.04.2019 15:00","15,4","752,8","763,3","-0,9",23,"Ветер, дующий с северо-запада",3,,,"70 – 80%."," ",,,,,"Слоисто-кучевые, образовавшиеся из кучевых.","10%  или менее, но не 0","600-1000","Высококучевых, высокослоистых или слоисто-дождевых облаков нет.","Перистые когтевидные или нитевидные или первые и вторые, распространяющиеся по небу и в целом обычно уплотняющиеся.","10,0","-5,9",,,,,,
"26.04.2019 12:00","13,9","753,7","764,2","-0,7",32,"Ветер, дующий с запада",3,,,"60%."," ",,,,,"Кучевые плоские или кучевые разорванные, или те и другие вместе, не относящиеся к облакам плохой погоды.","60%.","600-1000","Высококучевых, высокослоистых или слоисто-дождевых облаков нет.","Перистых, перисто-кучевых или перисто-слоистых нет.","10,0","-2,6",,,,,,
"26.04.2019 09:00","11,7","754,4","765,1","0,0",35,"Ветер, дующий с севера",1,,,"20–30%."," ",,,,,"Кучевые плоские или кучевые разорванные, или те и другие вместе, не относящиеся к облакам плохой погоды.","20–30%.","1000-1500","Высококучевых, высокослоистых или слоисто-дождевых облаков нет.","Перистых, перисто-кучевых или перисто-слоистых нет.","10,0","-3,4",,,,,,
"26.04.2019 06:00","7,7","754,4","765,2","0,1",53,"Ветер, дующий с востоко-северо-востока",1,,,"Облаков нет."," ",,,"5,1",,,,,,,"10,0","-1,3","Осадков нет",12,"Поверхность почвы сухая (без трещин и без заметного количества пыли или несвязанного песка).","2,0",,
"26.04.2019 03:00","6,3","754,3","765,1","0,3",64,"Ветер, дующий с северо-востока",1,,,"Облаков нет."," ",,,,,,,,,,"10,0","0,0",,,,,,
"26.04.2019 00:00","9,3","754,0","764,7","0,2",59,"Ветер, дующий с востоко-северо-востока",2,,,"60%."," ",,,,,"Слоисто-кучевые, образовавшиеся не из кучевых.","60%.","600-1000","Высококучевых, высокослоистых или слоисто-дождевых облаков нет.","Перистых, перисто-кучевых или перисто-слоистых нет.","10,0","1,6",,,,,,
"25.04.2019 21:00","11,9","753,8","764,5","1,1",48,"Ветер, дующий с востоко-северо-востока",2,,,"70 – 80%."," ",,,,,"Слоисто-кучевые, образовавшиеся не из кучевых.","70 – 80%.","600-1000","Высококучевых, высокослоистых или слоисто-дождевых облаков нет.","Перистых, перисто-кучевых или перисто-слоистых нет.","10,0","1,2",,,,,,
"25.04.2019 18:00","15,3","752,7","763,2","1,1",39,"Ветер, дующий с востоко-северо-востока",3,,10,"50%."," ",,,,"20,5","Слоисто-кучевые, образовавшиеся не из кучевых.","10%  или менее, но не 0","600-1000","Клочья (часто чечевицеобразные) высококучевых просвечивающих, непрерывно изменяющихся; расположены на одном или более уровнях.","Перистые нитевидные, иногда когтевидные, не распространяющиеся по небу.","10,0","1,3","Осадков нет",12,,,,
"25.04.2019 15:00","18,4","751,6","761,9","-0,6",32,"Ветер, дующий с востоко-северо-востока",3,,,"90  или более, но не 100%"," ",,,,,"Слоисто-кучевые, образовавшиеся не из кучевых.","70 – 80%.","600-1000","Клочья (часто чечевицеобразные) высококучевых просвечивающих, непрерывно изменяющихся; расположены на одном или более уровнях.","Перистых, перисто-кучевых или перисто-слоистых нет.","10,0","1,4",,,,,,
"25.04.2019 12:00","19,8","752,2","762,6","-1,3",29,"Ветер, дующий с северо-запада",2,,,"50%."," ",,,,,"Слоисто-кучевые, образовавшиеся не из кучевых.","50%.","600-1000","Высококучевых, высокослоистых или слоисто-дождевых облаков нет.","Перистых, перисто-кучевых или перисто-слоистых нет.","10,0","1,2",,,,,,
"25.04.2019 09:00","16,2","753,5","763,9","-0,2",38,"Ветер, дующий с запада",1,,,"50%."," ",,,,,"Слоисто-кучевых, слоистых, кучевых или кучево-дождевых облаков нет.","50%.","2500 или более, или облаков нет.","Высококучевые просвечивающие, расположенные на одном уровне.","Перистых, перисто-кучевых или перисто-слоистых нет.","10,0","1,7",,,,,,
"25.04.2019 06:00","11,2","753,7","764,4","0,2",55,"Ветер, дующий с северо-запада",1,,,"50%."," ",,,"9,0",,"Слоисто-кучевых, слоистых, кучевых или кучево-дождевых облаков нет.","Облаков нет.","2500 или более, или облаков нет.","Высококучевых, высокослоистых или слоисто-дождевых облаков нет.","Перистые нитевидные, иногда когтевидные, не распространяющиеся по небу.","10,0","2,5","Осадков нет",12,"Поверхность почвы сухая (без трещин и без заметного количества пыли или несвязанного песка).","3,0",,
"25.04.2019 03:00","10,6","753,5","764,2","0,3",58,"Ветер, дующий с запада",1,,,"20–30%."," ",,,,,"Слоисто-кучевых, слоистых, кучевых или кучево-дождевых облаков нет.","20–30%.","2500 или более, или облаков нет.","Клочья (часто чечевицеобразные) высококучевых просвечивающих, непрерывно изменяющихся; расположены на одном или более уровнях.","Перистых, перисто-кучевых или перисто-слоистых нет.","10,0","2,6",,,,,,
"25.04.2019 00:00","12,1","753,2","763,8","0,0",52,"Ветер, дующий с севера",1,,,"50%."," ",,,,,"Слоисто-кучевых, слоистых, кучевых или кучево-дождевых облаков нет.","50%.","2500 или более, или облаков нет.","Клочья (часто чечевицеобразные) высококучевых просвечивающих, непрерывно изменяющихся; расположены на одном или более уровнях.","Перистых, перисто-кучевых или перисто-слоистых нет.","10,0","2,4",,,,,,
"24.04.2019 21:00","12,1","753,2","763,8","1,3",52,"Ветер, дующий с севера",1,,,"40%."," ",,,,,"Слоисто-кучевых, слоистых, кучевых или кучево-дождевых облаков нет.","40%.","2500 или более, или облаков нет.","Клочья (часто чечевицеобразные) высококучевых просвечивающих, непрерывно изменяющихся; расположены на одном или более уровнях.","Перистых, перисто-кучевых или перисто-слоистых нет.","10,0","2,4",,,,,,
"24.04.2019 18:00","20,0","751,9","762,3","-0,6",28,"Ветер, дующий с северо-запада",2,,10,"Облаков нет."," ",,,,"20,7",,,,,,"10,0","0,7","Осадков нет",12,,,,
"24.04.2019 15:00","20,3","752,5","762,7","-0,8",25,"Ветер, дующий с западо-северо-запада",5,10,10,"20–30%."," ",,,,,"Слоисто-кучевых, слоистых, кучевых или кучево-дождевых облаков нет.","20–30%.","2500 или более, или облаков нет.","Клочья (часто чечевицеобразные) высококучевых просвечивающих, непрерывно изменяющихся; расположены на одном или более уровнях.","Перистых, перисто-кучевых или перисто-слоистых нет.","10,0","-0,6",,,,,,
"24.04.2019 12:00","17,7","753,3","763,7","-1,2",29,"Ветер, дующий с запада",4,,,"70 – 80%."," ",,,,,"Слоисто-кучевые, образовавшиеся из кучевых.","40%.","1000-1500","Клочья (часто чечевицеобразные) высококучевых просвечивающих, непрерывно изменяющихся; расположены на одном или более уровнях.","Перистых, перисто-кучевых или перисто-слоистых нет.","10,0","-0,7",,,,,,
"24.04.2019 09:00","11,6","754,5","765,1","-0,8",45,"Ветер, дующий с запада",2,,,"50%."," ",,,,,"Слоисто-кучевых, слоистых, кучевых или кучево-дождевых облаков нет.","20–30%.","2500 или более, или облаков нет.","Клочья (часто чечевицеобразные) высококучевых просвечивающих, непрерывно изменяющихся; расположены на одном или более уровнях.","Перистые нитевидные, иногда когтевидные, не распространяющиеся по небу.","10,0","0,1",,,,,,
"24.04.2019 06:00","7,3","755,3","766,1","-0,5",62,"Ветер, дующий с западо-северо-запада",1,,,"90  или более, но не 100%"," ",,,"6,4",,"Слоисто-кучевых, слоистых, кучевых или кучево-дождевых облаков нет.","90  или более, но не 100%","2500 или более, или облаков нет.","Высококучевые, просвечивающие или плотные в двух или более слоях или высококучевые плотные в одном слое, не распространяющиеся но небу, либо высококучевые с высокослоистыми или слоисто-дождевыми.","Перистых, перисто-кучевых или перисто-слоистых нет.","10,0","0,5","Осадков нет",12,"Поверхность почвы влажная.","2,0",,
"24.04.2019 03:00","6,8","755,8","766,6","0,0",67,"Ветер, дующий с западо-северо-запада",1,,,"100%."," ",,,,,"Слоисто-кучевых, слоистых, кучевых или кучево-дождевых облаков нет.","Облаков нет.","2500 или более, или облаков нет.","Высококучевых, высокослоистых или слоисто-дождевых облаков нет.","Перистые когтевидные или нитевидные или первые и вторые, распространяющиеся по небу и в целом обычно уплотняющиеся.","10,0","1,0",,,,,,
"24.04.2019 00:00","6,8","755,8","766,6","-0,1",65,"Ветер, дующий с запада",1,,,"90  или более, но не 100%"," ",,,,,"Слоисто-кучевых, слоистых, кучевых или кучево-дождевых облаков нет.","Облаков нет.","2500 или более, или облаков нет.","Высококучевых, высокослоистых или слоисто-дождевых облаков нет.","Перистые когтевидные или нитевидные или первые и вторые, распространяющиеся по небу и в целом обычно уплотняющиеся.","10,0","0,7",,,,,,
"23.04.2019 21:00","9,0","755,9","766,6","0,4",51,"Штиль, безветрие",0,,,"40%."," ",,,,,"Слоисто-кучевых, слоистых, кучевых или кучево-дождевых облаков нет.","Облаков нет.","2500 или более, или облаков нет.","Высококучевых, высокослоистых или слоисто-дождевых облаков нет.","Перистые когтевидные или нитевидные или первые и вторые, распространяющиеся по небу и в целом обычно уплотняющиеся.","10,0","-0,7",,,,,,
"23.04.2019 18:00","12,2","755,5","766,2","-0,2",44,"Ветер, дующий с северо-востока",1,,,"60%."," ",,,,"13,3","Слоисто-кучевые, образовавшиеся не из кучевых.","50%.","600-1000","Высококучевых, высокослоистых или слоисто-дождевых облаков нет.","Перистые плотные в виде клочьев или скрученных склонов, количество которых обычно не увеличивается, иногда могут казаться остатками верхней части кучево-дождевых; или перистые башенкообразные, или перистые хлопьевидные.","10,0","0,3","Осадков нет",12,,,,
"23.04.2019 15:00","12,2","755,7","766,3","-0,1",44,"Ветер, дующий с западо-северо-запада",2,,,"90  или более, но не 100%"," ",,,,,"Слоисто-кучевые, образовавшиеся не из кучевых.","90  или более, но не 100%","600-1000","Высококучевых, высокослоистых или слоисто-дождевых облаков нет.","Перистых, перисто-кучевых или перисто-слоистых нет.","10,0","0,2",,,,,,
"23.04.2019 12:00","10,2","755,8","766,6","-0,5",51,"Ветер, дующий с западо-северо-запада",2,,,"100%."," ",,,,,"Слоисто-кучевые, образовавшиеся не из кучевых.","70 – 80%.","600-1000","Высокослоистые непросвечивающие или слоисто-дождевые.",,"10,0","0,5",,,,,,
"23.04.2019 09:00","8,9","756,3","767,0","0,8",49,"Ветер, дующий с северо-запада",2,,,"100%."," ",,,,,"Слоисто-кучевые, образовавшиеся не из кучевых.","50%.","600-1000","Высокослоистые непросвечивающие или слоисто-дождевые.",,"10,0","-1,3",,,,,,
"23.04.2019 06:00","7,3","755,5","766,3","0,2",50,"Ветер, дующий с северо-запада",1,,,"100%."," ",,,"6,8",,"Слоисто-кучевых, слоистых, кучевых или кучево-дождевых облаков нет.","20–30%.","2500 или более, или облаков нет.","Высококучевые просвечивающие, расположенные на одном уровне.","Перистые когтевидные или нитевидные или первые и вторые, распространяющиеся по небу и в целом обычно уплотняющиеся.","10,0","-2,5","Осадков нет",12,"Поверхность почвы влажная.","1,0",,
"23.04.2019 03:00","7,4","755,3","766,1","0,0",54,"Ветер, дующий с запада",1,,,"Облаков нет."," ",,,,,,,,,,"10,0","-1,4",,,,,,
"23.04.2019 00:00","10,0","755,3","766,0","-0,3",44,"Ветер, дующий с запада",1,,,"Облаков нет."," ",,,,,,,,,,"10,0","-1,7",,,,,,
"22.04.2019 21:00","12,4","755,6","766,3","-0,1",37,"Ветер, дующий с запада",1,,,"Облаков нет."," ",,,,,,,,,,"10,0","-2,1",,,,,,
"22.04.2019 18:00","16,5","755,7","766,2","-1,1",26,"Ветер, дующий с запада",2,,,"20–30%."," ",,,,"17,7","Слоисто-кучевые, образовавшиеся из кучевых.","10%  или менее, но не 0","1000-1500","Высококучевых, высокослоистых или слоисто-дождевых облаков нет.","Перистые нитевидные, иногда когтевидные, не распространяющиеся по небу.","10,0","-3,2","Осадков нет",12,,,,
"22.04.2019 15:00","17,5","756,8","767,2","-1,3",24,"Ветер, дующий с северо-запада",1,,,"40%."," ",,,,,"Кучевые плоские или кучевые разорванные, или те и другие вместе, не относящиеся к облакам плохой погоды.","20–30%.","600-1000","Высококучевых, высокослоистых или слоисто-дождевых облаков нет.","Перистые нитевидные, иногда когтевидные, не распространяющиеся по небу.","10,0","-3,1",,,,,,
"22.04.2019 12:00","16,0","758,1","768,7","-0,8",27,"Ветер, дующий с запада",3,,,"50%."," ",,,,,"Кучевые плоские или кучевые разорванные, или те и другие вместе, не относящиеся к облакам плохой погоды.","20–30%.","600-1000","Высококучевых, высокослоистых или слоисто-дождевых облаков нет.","Перистые нитевидные, иногда когтевидные, не распространяющиеся по небу.","10,0","-3,3",,,,,,
"22.04.2019 09:00","11,4","758,9","769,6","0,0",38,"Ветер, дующий с запада",2,,,"100%."," ",,,,,"Слоисто-кучевых, слоистых, кучевых или кучево-дождевых облаков нет.","Облаков нет.","2500 или более, или облаков нет.","Высококучевых, высокослоистых или слоисто-дождевых облаков нет.","Перистые (часто в виде полос) и перисто-слоистые, распространяющиеся по небу и в целом обычно уплотняющиеся, но сплошная пелена поднимается над горизонтом менее чем на 45°.","10,0","-2,7",,,,,,
"22.04.2019 06:00","5,7","758,9","769,9","0,0",59,"Штиль, безветрие",0,,,"100%."," ",,,"2,4",,"Слоисто-кучевых, слоистых, кучевых или кучево-дождевых облаков нет.","Облаков нет.","2500 или более, или облаков нет.","Высококучевых, высокослоистых или слоисто-дождевых облаков нет.","Перистые (часто в виде полос) и перисто-слоистые, распространяющиеся по небу и в целом обычно уплотняющиеся, но сплошная пелена поднимается над горизонтом менее чем на 45°.","10,0","-1,7","Осадков нет",12,"Поверхность почвы влажная.","-1,0",,
"22.04.2019 03:00","4,1","758,9","769,9","0,1",62,"Штиль, безветрие",0,,,"Облаков нет."," ",,,,,,,,,,"10,0","-2,7",,,,,,
"22.04.2019 00:00","5,9","758,8","769,7","0,0",52,"Ветер, дующий с западо-юго-запада",1,,,"Облаков нет."," ",,,,,,,,,,"10,0","-3,3",,,,,,
"21.04.2019 21:00","8,4","758,8","769,6","0,6",45,"Ветер, дующий с юго-юго-востока",1,,,"Облаков нет."," ",,,,,,,,,,"10,0","-2,9",,,,,,
"21.04.2019 18:00","13,1","758,2","768,9","-0,7",29,"Ветер, дующий с северо-северо-запада",2,,,"Облаков нет."," ",,,,"14,2",,,,,,"10,0","-4,7","Осадков нет",12,,,,
"21.04.2019 15:00","13,6","758,9","769,5","-0,9",28,"Ветер, дующий с севера",2,,,"Облаков нет."," ",,,,,,,,,,"10,0","-4,9",,,,,,
"21.04.2019 12:00","11,6","759,8","770,5","-0,3",31,"Ветер, дующий с северо-востока",3,,,"Облаков нет."," ",,,,,,,,,,"10,0","-5,1",,,,,,
"21.04.2019 09:00","8,6","760,1","770,9","0,6",38,"Ветер, дующий с востоко-северо-востока",3,,,"20–30%."," ",,,,,"Слоисто-кучевых, слоистых, кучевых или кучево-дождевых облаков нет.","Облаков нет.","2500 или более, или облаков нет.","Высококучевых, высокослоистых или слоисто-дождевых облаков нет.","Перистые нитевидные, иногда когтевидные, не распространяющиеся по небу.","10,0","-5,2",,,,,,
"21.04.2019 06:00","2,8","759,5","770,6","0,5",63,"Ветер, дующий с северо-северо-востока",1,,,"40%."," ",,,"0,8",,"Слоисто-кучевых, слоистых, кучевых или кучево-дождевых облаков нет.","Облаков нет.","2500 или более, или облаков нет.","Высококучевых, высокослоистых или слоисто-дождевых облаков нет.","Перистые нитевидные, иногда когтевидные, не распространяющиеся по небу.","10,0","-3,7","Осадков нет",12,"Поверхность почвы влажная.","-2,0",,
"21.04.2019 03:00","2,7","759,0","770,1","0,1",64,"Ветер, дующий с северо-северо-запада",1,,,"60%."," ",,,,,"Слоисто-кучевых, слоистых, кучевых или кучево-дождевых облаков нет.","Облаков нет.","2500 или более, или облаков нет.","Высококучевых, высокослоистых или слоисто-дождевых облаков нет.","Перистые нитевидные, иногда когтевидные, не распространяющиеся по небу.","10,0","-3,6",,,,,,
"21.04.2019 00:00","5,6","758,9","769,9","0,3",48,"Ветер, дующий с запада",1,,,"60%."," ",,,,,"Слоисто-кучевых, слоистых, кучевых или кучево-дождевых облаков нет.","20–30%.","2500 или более, или облаков нет.","Клочья (часто чечевицеобразные) высококучевых просвечивающих, непрерывно изменяющихся; расположены на одном или более уровнях.","Перистые нитевидные, иногда когтевидные, не распространяющиеся по небу.","10,0","-4,7",,,,,,
"20.04.2019 21:00","6,4","758,6","769,5","0,4",43,"Штиль, безветрие",0,,,"20–30%."," ",,,,,"Слоисто-кучевых, слоистых, кучевых или кучево-дождевых облаков нет.","20–30%.","2500 или более, или облаков нет.","Клочья (часто чечевицеобразные) высококучевых просвечивающих, непрерывно изменяющихся; расположены на одном или более уровнях.","Перистых, перисто-кучевых или перисто-слоистых нет.","10,0","-5,4",,,,,,
"20.04.2019 18:00","10,8","758,2","768,9","-0,2",29,"Ветер, дующий с запада",2,,,"40%."," ",,,,"12,1","Слоисто-кучевых, слоистых, кучевых или кучево-дождевых облаков нет.","Облаков нет.","2500 или более, или облаков нет.","Высококучевых, высокослоистых или слоисто-дождевых облаков нет.","Перистые нитевидные, иногда когтевидные, не распространяющиеся по небу.","10,0","-6,7","Осадков нет",12,,,,
"20.04.2019 15:00","11,2","758,4","769,1","-0,1",28,"Ветер, дующий с юго-востока",2,,,"60%."," ",,,,,"Слоисто-кучевых, слоистых, кучевых или кучево-дождевых облаков нет.","60%.","2500 или более, или облаков нет.","Высококучевые башенкообразные или хлопьевидные.","Перистых, перисто-кучевых или перисто-слоистых нет.","10,0","-6,7",,,,,,
"20.04.2019 12:00","9,5","758,5","769,3","0,0",31,"Ветер, дующий с востока",2,,,"70 – 80%."," ",,,,,"Слоисто-кучевых, слоистых, кучевых или кучево-дождевых облаков нет.","70 – 80%.","2500 или более, или облаков нет.","Высококучевые башенкообразные или хлопьевидные.","Перистых, перисто-кучевых или перисто-слоистых нет.","10,0","-7,0",,,,,,
"20.04.2019 09:00","7,9","758,5","769,4","0,4",36,"Ветер, дующий с востока",2,,,"50%."," ",,,,,"Слоисто-кучевых, слоистых, кучевых или кучево-дождевых облаков нет.","50%.","2500 или более, или облаков нет.","Высококучевые башенкообразные или хлопьевидные.","Перистых, перисто-кучевых или перисто-слоистых нет.","10,0","-6,3",,,,,,
"20.04.2019 06:00","4,0","758,1","769,1","0,0",51,"Ветер, дующий с юго-востока",1,,,"40%."," ",,,"3,2",,"Слоисто-кучевых, слоистых, кучевых или кучево-дождевых облаков нет.","Облаков нет.","2500 или более, или облаков нет.","Высококучевых, высокослоистых или слоисто-дождевых облаков нет.","Перисто-кучевые одни или перисто-кучевые, сопровождаемые перистыми или перисто-слоистыми, либо те и другие, но перисто-кучевые преобладают среди них.","10,0","-5,3","Осадков нет",12,"Поверхность почвы влажная.","-2,0",,
"20.04.2019 03:00","4,0","758,1","769,1","-0,4",45,"Ветер, дующий с севера",2,,,"90  или более, но не 100%"," ",,,,,"Слоисто-кучевые, образовавшиеся не из кучевых.","50%.","600-1000","Высококучевые, просвечивающие или плотные в двух или более слоях или высококучевые плотные в одном слое, не распространяющиеся но небу, либо высококучевые с высокослоистыми или слоисто-дождевыми.","Перистых, перисто-кучевых или перисто-слоистых нет.","10,0","-6,9",,,,,,
"20.04.2019 00:00","4,1","758,5","769,6","0,0",35,"Ветер, дующий с востока",1,,,"70 – 80%."," ",,,,,"Слоисто-кучевых, слоистых, кучевых или кучево-дождевых облаков нет.","Облаков нет.","2500 или более, или облаков нет.","Высококучевых, высокослоистых или слоисто-дождевых облаков нет.","Перисто-кучевые одни или перисто-кучевые, сопровождаемые перистыми или перисто-слоистыми, либо те и другие, но перисто-кучевые преобладают среди них.","10,0","-10,0",,,,,,
"19.04.2019 21:00","5,6","758,5","769,4","0,2",33,"Ветер, дующий с востока",1,,,"70 – 80%."," ",,,,,"Слоисто-кучевых, слоистых, кучевых или кучево-дождевых облаков нет.","70 – 80%.","2500 или более, или облаков нет.","Высококучевые, просвечивающие или плотные в двух или более слоях или высококучевые плотные в одном слое, не распространяющиеся но небу, либо высококучевые с высокослоистыми или слоисто-дождевыми.","Перистых, перисто-кучевых или перисто-слоистых нет.","10,0","-9,4",,,,,,
"19.04.2019 18:00","9,3","758,3","769,0","-0,8",21,"Ветер, дующий с северо-северо-запада",1,,,"40%."," ",,,,"10,8","Слоисто-кучевых, слоистых, кучевых или кучево-дождевых облаков нет.","40%.","2500 или более, или облаков нет.","Клочья (часто чечевицеобразные) высококучевых просвечивающих, непрерывно изменяющихся; расположены на одном или более уровнях.","Перистых, перисто-кучевых или перисто-слоистых нет.","10,0","-11,9","Осадков нет",12,,,,
"19.04.2019 15:00","10,1","759,1","769,9","-1,1",18,"Ветер, дующий с северо-северо-запада",3,,,"10%  или менее, но не 0"," ",,,,,"Слоисто-кучевых, слоистых, кучевых или кучево-дождевых облаков нет.","Облаков нет.","2500 или более, или облаков нет.","Высококучевых, высокослоистых или слоисто-дождевых облаков нет.","Перистые плотные в виде клочьев или скрученных склонов, количество которых обычно не увеличивается, иногда могут казаться остатками верхней части кучево-дождевых; или перистые башенкообразные, или перистые хлопьевидные.","10,0","-13,4",,,,,,
"19.04.2019 12:00","9,1","760,2","771,1","-1,1",17,"Ветер, дующий с северо-северо-запада",2,,,"Облаков нет."," ",,,,,,,,,,"10,0","-14,6",,,,,,
"19.04.2019 09:00","5,6","761,3","772,3","-0,2",34,"Ветер, дующий с западо-северо-запада",1,,,"Облаков нет."," ",,,,,,,,,,"10,0","-9,0",,,,,,
"19.04.2019 06:00","-0,1","761,5","772,8","0,0",54,"Ветер, дующий с западо-северо-запада",1,,,"Облаков нет."," ",,,"-2,5",,,,,,,"10,0","-8,4","Осадков нет",12,"Поверхность почвы замерзшая.","-5,0",,
"19.04.2019 03:00","-2,1","761,5","772,9","-0,3",59,"Ветер, дующий с западо-северо-запада",1,,,"Облаков нет."," ",,,,,,,,,,"10,0","-9,1",,,,,,
"19.04.2019 00:00","-0,6","761,8","773,0","0,0",47,"Штиль, безветрие",0,,,"Облаков нет."," ",,,,,,,,,,"10,0","-10,7",,,,,,
"18.04.2019 21:00","1,1","761,8","773,0","0,5",43,"Штиль, безветрие",0,,,"Облаков нет."," ",,,,,,,,,,"10,0","-10,2",,,,,,
"18.04.2019 18:00","5,2","761,3","772,3","-0,7",21,"Ветер, дующий с юга",1,,,"10%  или менее, но не 0"," ",,,,"6,2","Слоисто-кучевых, слоистых, кучевых или кучево-дождевых облаков нет.","Облаков нет.","2500 или более, или облаков нет.","Высококучевых, высокослоистых или слоисто-дождевых облаков нет.","Перистые нитевидные, иногда когтевидные, не распространяющиеся по небу.","10,0","-15,7","Осадков нет",12,,,,
"18.04.2019 15:00","5,6","762,0","773,0","-0,9",23,"Ветер, дующий с запада",3,,,"10%  или менее, но не 0"," ",,,,,"Слоисто-кучевых, слоистых, кучевых или кучево-дождевых облаков нет.","Облаков нет.","2500 или более, или облаков нет.","Высококучевых, высокослоистых или слоисто-дождевых облаков нет.","Перистые нитевидные, иногда когтевидные, не распространяющиеся по небу.","10,0","-14,2",,,,,,
"18.04.2019 12:00","4,5","762,9","774,0","-0,6",25,"Ветер, дующий с северо-запада",1,,,"10%  или менее, но не 0"," ",,,,,"Слоисто-кучевых, слоистых, кучевых или кучево-дождевых облаков нет.","Облаков нет.","2500 или более, или облаков нет.","Высококучевых, высокослоистых или слоисто-дождевых облаков нет.","Перистые нитевидные, иногда когтевидные, не распространяющиеся по небу.","10,0","-13,8",,,,,,
"18.04.2019 09:00","2,0","763,5","774,7","-0,1",28,"Ветер, дующий с запада",2,,,"20–30%."," ",,,,,"Слоисто-кучевых, слоистых, кучевых или кучево-дождевых облаков нет.","Облаков нет.","2500 или более, или облаков нет.","Высококучевых, высокослоистых или слоисто-дождевых облаков нет.","Перистые нитевидные, иногда когтевидные, не распространяющиеся по небу.","10,0","-14,6",,,,,,
"18.04.2019 06:00","-2,2","763,6","774,9","0,2",65,"Штиль, безветрие",0,,,"50%."," ",,,"-4,7",,"Слоисто-кучевых, слоистых, кучевых или кучево-дождевых облаков нет.","Облаков нет.","2500 или более, или облаков нет.","Высококучевых, высокослоистых или слоисто-дождевых облаков нет.","Перистые нитевидные, иногда когтевидные, не распространяющиеся по небу.","10,0","-8,0","Осадков нет",12,"Поверхность почвы замерзшая.","-5,0",,
"18.04.2019 03:00","-3,6","763,4","774,8","-0,3",55,"Штиль, безветрие",0,,,"50%."," ",,,,,"Слоисто-кучевых, слоистых, кучевых или кучево-дождевых облаков нет.","Облаков нет.","2500 или более, или облаков нет.","Высококучевых, высокослоистых или слоисто-дождевых облаков нет.","Перистые нитевидные, иногда когтевидные, не распространяющиеся по небу.","10,0","-11,5",,,,,,
"18.04.2019 00:00","-2,4","763,7","775,0","-0,2",48,"Штиль, безветрие",0,,,"50%."," ",,,,,"Слоисто-кучевых, слоистых, кучевых или кучево-дождевых облаков нет.","Облаков нет.","2500 или более, или облаков нет.","Высококучевых, высокослоистых или слоисто-дождевых облаков нет.","Перистые нитевидные, иногда когтевидные, не распространяющиеся по небу.","10,0","-11,9",,,,,,
"17.04.2019 21:00","-0,1","763,9","775,1","0,3",34,"Ветер, дующий с востоко-юго-востока",1,,,"50%."," ",,,,,"Слоисто-кучевых, слоистых, кучевых или кучево-дождевых облаков нет.","Облаков нет.","2500 или более, или облаков нет.","Высококучевых, высокослоистых или слоисто-дождевых облаков нет.","Перистые нитевидные, иногда когтевидные, не распространяющиеся по небу.","10,0","-14,1",,,,,,
"17.04.2019 18:00","1,8","763,6","774,7","-0,6",27,"Ветер, дующий с востоко-северо-востока",2,,,"50%."," ",,,,"3,3","Слоисто-кучевых, слоистых, кучевых или кучево-дождевых облаков нет.","Облаков нет.","2500 или более, или облаков нет.","Высококучевых, высокослоистых или слоисто-дождевых облаков нет.","Перистые нитевидные, иногда когтевидные, не распространяющиеся по небу.","10,0","-15,3","Осадков нет",12,,,,
"17.04.2019 15:00","3,1","764,2","775,3","-0,1",25,"Ветер, дующий с севера",2,,,"Облаков нет."," ",,,,,,,,,,"10,0","-15,1",,,,,,
"17.04.2019 12:00","1,3","764,3","775,6","0,2",25,"Ветер, дующий с севера",3,,,"Облаков нет."," ",,,,,,,,,,"10,0","-16,9",,,,,,
"17.04.2019 09:00","-1,4","764,1","775,4","1,0",31,"Ветер, дующий с севера",3,,,"Облаков нет."," ",,,,,,,,,,"10,0","-16,3",,,,,,
"17.04.2019 06:00","-3,9","763,1","774,5","1,3",45,"Ветер, дующий с севера",2,,,"Облаков нет."," ",,,"-4,5",,,,,,,"10,0","-14,2","Осадков нет",12,"Поверхность почвы замерзшая.","-5,0",,
"17.04.2019 03:00","-3,1","761,8","773,2","1,8",40,"Ветер, дующий с северо-востока",2,,,"Облаков нет."," ",,,,,,,,,,"10,0","-14,9",,,,,,
"17.04.2019 00:00","-0,8","760,0","771,2","2,6",39,"Ветер, дующий с севера",2,,11,"Облаков нет."," ",,,,,,,,,,"10,0","-13,2",,,,,,
"16.04.2019 21:00","3,1","757,4","768,4","2,6",55,"Ветер, дующий с севера",3,,12,"70 – 80%."," ",,,,,"Слоисто-кучевые, образовавшиеся из кучевых.","60%.","600-1000","Высококучевые просвечивающие, расположенные на одном уровне.","Перистых, перисто-кучевых или перисто-слоистых нет.","10,0","-5,1",,,,,,
"16.04.2019 18:00","5,9","754,8","765,7","0,4",50,"Ветер, дующий с северо-запада",2,,12,"90  или более, но не 100%"," ",,,,"6,8","Слоисто-кучевые, образовавшиеся из кучевых.","60%.","600-1000","Высококучевые просвечивающие, расположенные на одном уровне.","Перистых, перисто-кучевых или перисто-слоистых нет.","10,0","-3,9","Осадков нет",12,,,,
"16.04.2019 15:00","6,1","754,4","765,2","0,4",50,"Ветер, дующий с северо-северо-запада",3,,,"100%."," ",,,,,"Слоисто-кучевые, образовавшиеся не из кучевых.","100%.","600-1000",,,"10,0","-3,6",,,,,,
"16.04.2019 12:00","6,5","754,0","764,8","0,0",46,"Ветер, дующий с западо-северо-запада",3,,,"90  или более, но не 100%"," ",,,,,"Слоисто-кучевые, образовавшиеся не из кучевых.","90  или более, но не 100%","600-1000","Высококучевых, высокослоистых или слоисто-дождевых облаков нет.","Перистых, перисто-кучевых или перисто-слоистых нет.","10,0","-4,4",,,,,,
"16.04.2019 09:00","5,8","754,0","764,8","-0,2",48,"Ветер, дующий с северо-запада",4,,,"100%."," ",,,,,"Слоисто-кучевые, образовавшиеся не из кучевых.","100%.","1000-1500",,,"10,0","-4,4",,,,,,
"16.04.2019 06:00","3,3","754,2","765,1","-0,6",55,"Ветер, дующий с запада",2,,,"100%."," ",,,"2,8",,"Слоисто-кучевые, образовавшиеся не из кучевых.","100%.","600-1000",,,"10,0","-5,0","Осадков нет",12,"Поверхность почвы влажная.","-1,0",,
"16.04.2019 03:00","3,8","754,8","765,7","-1,0",46,"Ветер, дующий с запада",2,,,"90  или более, но не 100%"," ",,,,,"Слоисто-кучевых, слоистых, кучевых или кучево-дождевых облаков нет.","Облаков нет.","2500 или более, или облаков нет.","Высококучевых, высокослоистых или слоисто-дождевых облаков нет.","Перистые плотные в виде клочьев или скрученных склонов, количество которых обычно не увеличивается, иногда могут казаться остатками верхней части кучево-дождевых; или перистые башенкообразные, или перистые хлопьевидные.","10,0","-7,0",,,,,,
"16.04.2019 00:00","3,9","755,8","766,7","-0,3",47,"Ветер, дующий с запада",1,,,"90  или более, но не 100%"," ",,,,,"Слоисто-кучевых, слоистых, кучевых или кучево-дождевых облаков нет.","90  или более, но не 100%","2500 или более, или облаков нет.","Высококучевые башенкообразные или хлопьевидные.","Перистых, перисто-кучевых или перисто-слоистых нет.","10,0","-6,6",,,,,,
"15.04.2019 21:00","3,5","756,1","767,2","-0,1",37,"Штиль, безветрие",0,,,"40%."," ",,,,,"Слоисто-кучевых, слоистых, кучевых или кучево-дождевых облаков нет.","Облаков нет.","2500 или более, или облаков нет.","Высококучевых, высокослоистых или слоисто-дождевых облаков нет.","Перистые нитевидные, иногда когтевидные, не распространяющиеся по небу.","10,0","-10,1",,,,,,
"15.04.2019 18:00","8,4","756,2","767,0","-1,2",22,"Ветер, дующий с запада",2,,,"Облаков нет."," ",,,,"8,9",,,,,,"10,0","-12,3","Осадков нет",12,,,,
"15.04.2019 15:00","8,6","757,4","768,2","-1,0",20,"Ветер, дующий с западо-северо-запада",2,,,"Облаков нет."," ",,,,,,,,,,"10,0","-13,5",,,,,,
"15.04.2019 12:00","7,0","758,4","769,3","-0,6",22,"Ветер, дующий с северо-северо-востока",2,,,"Облаков нет."," ",,,,,,,,,,"10,0","-13,2",,,,,,
"15.04.2019 09:00","4,0","759,0","770,0","0,3",29,"Ветер, дующий с северо-северо-востока",2,,,"Облаков нет."," ",,,,,,,,,,"10,0","-12,4",,,,,,
"15.04.2019 06:00","-1,1","758,7","769,9","0,4",47,"Ветер, дующий с востоко-северо-востока",2,,,"10%  или менее, но не 0"," ",,,"-1,8",,"Слоисто-кучевых, слоистых, кучевых или кучево-дождевых облаков нет.","Облаков нет.","2500 или более, или облаков нет.","Высококучевых, высокослоистых или слоисто-дождевых облаков нет.","Перистые нитевидные, иногда когтевидные, не распространяющиеся по небу.","10,0","-11,0","Осадков нет",12,"Поверхность почвы замерзшая.","-5,0",,
"15.04.2019 03:00","-0,5","758,3","769,5","0,2",46,"Ветер, дующий с востоко-северо-востока",2,,,"Облаков нет."," ",,,,,,,,,,"10,0","-10,9",,,,,,
"15.04.2019 00:00","0,8","758,1","769,2","0,2",42,"Ветер, дующий с востоко-северо-востока",3,,,"Облаков нет."," ",,,,,,,,,,"10,0","-10,7",,,,,,
"14.04.2019 21:00","2,2","757,9","769,0","0,7",43,"Ветер, дующий с северо-востока",1,,11,"10%  или менее, но не 0"," ",,,,,"Слоисто-кучевых, слоистых, кучевых или кучево-дождевых облаков нет.","10%  или менее, но не 0","2500 или более, или облаков нет.","Высококучевые просвечивающие, расположенные на одном уровне.","Перистых, перисто-кучевых или перисто-слоистых нет.","10,0","-9,1",,,,,,
"14.04.2019 18:00","5,0","757,2","768,1","0,4",31,"Ветер, дующий с востоко-северо-востока",3,,11,"40%."," ",,,,"6,6","Слоисто-кучевых, слоистых, кучевых или кучево-дождевых облаков нет.","40%.","2500 или более, или облаков нет.","Высококучевые просвечивающие, расположенные на одном уровне.","Перистых, перисто-кучевых или перисто-слоистых нет.","10,0","-11,0","Осадков нет",12,,,,
"14.04.2019 15:00","6,3","756,8","767,8","0,1",31,"Ветер, дующий с северо-востока",4,,13,"Облаков нет."," ",,,,,,,,,,"10,0","-9,7",,,,,,
"14.04.2019 12:00","5,7","756,7","767,7","0,2",36,"Ветер, дующий с северо-востока",3,,11,"10%  или менее, но не 0"," ",,,,,"Слоисто-кучевых, слоистых, кучевых или кучево-дождевых облаков нет.","Облаков нет.","2500 или более, или облаков нет.","Высококучевых, высокослоистых или слоисто-дождевых облаков нет.","Перистые нитевидные, иногда когтевидные, не распространяющиеся по небу.","10,0","-8,4",,,,,,
"14.04.2019 09:00","3,0","756,5","767,5","0,6",43,"Ветер, дующий с северо-востока",3,,,"20–30%."," ",,,"1,6",,"Слоисто-кучевых, слоистых, кучевых или кучево-дождевых облаков нет.","10%  или менее, но не 0","2500 или более, или облаков нет.","Высококучевые просвечивающие, расположенные на одном уровне.","Перистые плотные в виде клочьев или скрученных склонов, количество которых обычно не увеличивается, иногда могут казаться остатками верхней части кучево-дождевых; или перистые башенкообразные, или перистые хлопьевидные.","10,0","-8,5",,,,,,
"14.04.2019 06:00","1,6","755,9","766,9","0,6",57,"Ветер, дующий с востоко-северо-востока",3,,,"60%."," ",,,"1,6",,"Слоисто-кучевые, образовавшиеся не из кучевых.","20–30%.","600-1000","Клочья (часто чечевицеобразные) высококучевых просвечивающих, непрерывно изменяющихся; расположены на одном или более уровнях.","Перистых, перисто-кучевых или перисто-слоистых нет.","10,0","-6,1","Осадков нет",12,"Поверхность почвы влажная.","0,0",,
"14.04.2019 03:00","2,7","755,3","766,3","0,0",63,"Ветер, дующий с северо-востока",2,,,"100%."," ",,,,,"Слоисто-кучевые, образовавшиеся не из кучевых.","100%.","600-1000",,,"10,0","-3,7",,,,,,
"14.04.2019 00:00","3,3","755,3","766,3","0,3",66,"Ветер, дующий с северо-востока",2,,,"100%."," ",,,,,"Слоисто-кучевые, образовавшиеся не из кучевых.","100%.","600-1000",,,"10,0","-2,6",,,,,,
"13.04.2019 21:00","2,4","755,0","766,0","0,4",81,"Ветер, дующий с северо-востока",2,,10,"100%."," ",,,,,"Слоисто-кучевые, образовавшиеся не из кучевых.","100%.","600-1000",,,"10,0","-0,5",,,,,,
"13.04.2019 18:00","3,4","754,6","765,6","0,3",70,"Ветер, дующий с востоко-северо-востока",4,10,10,"90  или более, но не 100%"," ",,,,"6,3","Слоисто-кучевые, образовавшиеся не из кучевых.","90  или более, но не 100%","600-1000","Высококучевых, высокослоистых или слоисто-дождевых облаков нет.","Перистых, перисто-кучевых или перисто-слоистых нет.","10,0","-1,7",3,12,,,,
"13.04.2019 15:00","4,5","754,3","765,1","0,5",72,"Ветер, дующий с северо-востока",4,,11,"90  или более, но не 100%"," ",,,,,"Слоисто-кучевые, образовавшиеся не из кучевых.","50%.","600-1000","Высококучевые просвечивающие, расположенные на одном уровне.","Перистых, перисто-кучевых или перисто-слоистых нет.","10,0","-0,1",,,,,,
"13.04.2019 12:00","5,1","753,8","764,7","0,0",68,"Ветер, дующий с востоко-северо-востока",3,,10,"90  или более, но не 100%"," ",,,,,"Слоисто-кучевые, образовавшиеся не из кучевых.","90  или более, но не 100%","1000-1500","Высококучевых, высокослоистых или слоисто-дождевых облаков нет.","Перистых, перисто-кучевых или перисто-слоистых нет.","10,0","-0,4",,,,,,
"13.04.2019 09:00","3,2","753,8","764,8","0,1",82,"Ветер, дующий с северо-востока",2,,,"90  или более, но не 100%","Дождь (незамерзающий) неливневый. ","Дождь.","Облака покрывали более половины неба в течение всего соответствующего периода.","1,9",,"Слоисто-кучевые, образовавшиеся из кучевых.","60%.","1000-1500","Высококучевые, просвечивающие или плотные в двух или более слоях или высококучевые плотные в одном слое, не распространяющиеся но небу, либо высококучевые с высокослоистыми или слоисто-дождевыми.","Перистых, перисто-кучевых или перисто-слоистых нет.","10,0","0,4",,,,,,
"13.04.2019 06:00","2,5","753,7","764,6","0,2",77,"Ветер, дующий с востоко-северо-востока",3,,,"90  или более, но не 100%"," ",,,"2,3",,"Слоисто-кучевые, образовавшиеся не из кучевых.","60%.","600-1000","Высококучевые просвечивающие, расположенные на одном уровне.","Перистых, перисто-кучевых или перисто-слоистых нет.","10,0","-1,2","Осадков нет",12,,,"Слежавшийся или мокрый снег (со льдом или без него), покрывающий менее половины поверхности почвы.",3
"13.04.2019 03:00","2,3","753,5","764,5","0,1",80,"Ветер, дующий с северо-востока",2,,,"60%."," ",,,,,"Слоисто-кучевых, слоистых, кучевых или кучево-дождевых облаков нет.","60%.","2500 или более, или облаков нет.","Клочья (часто чечевицеобразные) высококучевых просвечивающих, непрерывно изменяющихся; расположены на одном или более уровнях.","Перистых, перисто-кучевых или перисто-слоистых нет.","10,0","-0,9",,,,,,
"13.04.2019 00:00","3,0","753,4","764,4","-0,1",79,"Ветер, дующий с северо-северо-востока",2,,,"100%."," ",,,,,"Слоисто-кучевых, слоистых, кучевых или кучево-дождевых облаков нет.","40%.","2500 или более, или облаков нет.","Клочья (часто чечевицеобразные) высококучевых просвечивающих, непрерывно изменяющихся; расположены на одном или более уровнях.","Перистые нитевидные, иногда когтевидные, не распространяющиеся по небу.","10,0","-0,4",,,,,,
"12.04.2019 21:00","4,1","753,5","764,5","0,6",69,"Ветер, дующий с северо-востока",2,,,"100%."," ",,,,,"Слоисто-кучевых, слоистых, кучевых или кучево-дождевых облаков нет.","70 – 80%.","2500 или более, или облаков нет.","Высококучевые просвечивающие, расположенные на одном уровне.","Перистые когтевидные или нитевидные или первые и вторые, распространяющиеся по небу и в целом обычно уплотняющиеся.","10,0","-1,2",,,,,,
"12.04.2019 18:00","6,7","752,9","763,7","0,3",65,"Ветер, дующий с севера",3,,10,"100%."," ",,,,"16,8","Слоисто-кучевых, слоистых, кучевых или кучево-дождевых облаков нет.","50%.","2500 или более, или облаков нет.","Клочья (часто чечевицеобразные) высококучевых просвечивающих, непрерывно изменяющихся; расположены на одном или более уровнях.","Перистые когтевидные или нитевидные или первые и вторые, распространяющиеся по небу и в целом обычно уплотняющиеся.","10,0","0,5","Осадков нет",12,,,,
"12.04.2019 15:00","11,1","752,6","763,3","0,4",63,"Ветер, дующий с северо-северо-запада",3,,,"70 – 80%."," ",,,,,"Слоисто-кучевых, слоистых, кучевых или кучево-дождевых облаков нет.","40%.","2500 или более, или облаков нет.","Клочья (часто чечевицеобразные) высококучевых просвечивающих, непрерывно изменяющихся; расположены на одном или более уровнях.","Перистые нитевидные, иногда когтевидные, не распространяющиеся по небу.","10,0","4,3",,,,,,
"12.04.2019 12:00","16,4","752,2","762,7","0,0",34,"Ветер, дующий с запада",2,,,"70 – 80%."," ",,,,,"Слоисто-кучевых, слоистых, кучевых или кучево-дождевых облаков нет.","40%.","2500 или более, или облаков нет.","Клочья (часто чечевицеобразные) высококучевых просвечивающих, непрерывно изменяющихся; расположены на одном или более уровнях.","Перистые нитевидные, иногда когтевидные, не распространяющиеся по небу.","10,0","0,5",,,,,,
"12.04.2019 09:00","12,6","752,2","762,8","-0,4",43,"Ветер, дующий с юго-востока",1,,,"50%."," ",,,,,"Слоисто-кучевых, слоистых, кучевых или кучево-дождевых облаков нет.","20–30%.","2500 или более, или облаков нет.","Клочья (часто чечевицеобразные) высококучевых просвечивающих, непрерывно изменяющихся; расположены на одном или более уровнях.","Перистые нитевидные, иногда когтевидные, не распространяющиеся по небу.","10,0","0,4",,,,,,
"12.04.2019 06:00","7,9","752,6","763,3","0,0",58,"Штиль, безветрие",0,,,"50%."," ",,,"7,5",,"Слоисто-кучевых, слоистых, кучевых или кучево-дождевых облаков нет.","20–30%.","2500 или более, или облаков нет.","Высококучевые просвечивающие, расположенные на одном уровне.","Перистые нитевидные, иногда когтевидные, не распространяющиеся по небу.","10,0","0,1","Осадков нет",12,,,"Слежавшийся или мокрый снег (со льдом или без него), покрывающий по крайней мере половину поверхности почвы, но почва не покрыта полностью.",5
"12.04.2019 03:00","9,0","752,6","763,3","-0,1",55,"Ветер, дующий с юго-востока",1,,,"100%."," ",,,,,"Слоисто-кучевых, слоистых, кучевых или кучево-дождевых облаков нет.","100%.","2500 или более, или облаков нет.","Высокослоистые непросвечивающие или слоисто-дождевые.",,"10,0","0,3",,,,,,
"12.04.2019 00:00","9,4","752,7","763,4","-0,3",55,"Ветер, дующий с юго-востока",1,,,"50%."," ",,,,,"Слоисто-кучевых, слоистых, кучевых или кучево-дождевых облаков нет.","50%.","2500 или более, или облаков нет.","Высококучевые просвечивающие, расположенные на одном уровне.","Перистых, перисто-кучевых или перисто-слоистых нет.","10,0","0,6",,,,,,
"11.04.2019 21:00","11,0","753,0","763,6","0,1",52,"Ветер, дующий с юго-востока",1,,,"Облаков нет."," ",,,,,,,,,,"10,0","1,4",,,,,,
"11.04.2019 18:00","15,3","752,9","763,3","-0,5",38,"Ветер, дующий с юго-юго-востока",2,,,"Облаков нет."," ",,,,"18,0",,,,,,"10,0","0,9","Осадков нет",12,,,,
"11.04.2019 15:00","17,6","753,4","763,9","-0,3",34,"Ветер, дующий с юга",2,,,"20–30%."," ",,,,,"Слоисто-кучевых, слоистых, кучевых или кучево-дождевых облаков нет.","20–30%.","2500 или более, или облаков нет.","Высококучевые просвечивающие, расположенные на одном уровне.","Перистых, перисто-кучевых или перисто-слоистых нет.","10,0","1,6",,,,,,
"11.04.2019 12:00","14,3","753,7","764,2","-0,2",46,"Ветер, дующий с юго-юго-востока",2,,,"40%."," ",,,,,"Слоисто-кучевых, слоистых, кучевых или кучево-дождевых облаков нет.","20–30%.","2500 или более, или облаков нет.","Высококучевые просвечивающие, расположенные на одном уровне.","Перистые нитевидные, иногда когтевидные, не распространяющиеся по небу.","10,0","2,8",,,,,,
"11.04.2019 09:00","11,1","753,9","764,5","0,0",57,"Ветер, дующий с юго-востока",2,,,"40%."," ",,,,,"Слоисто-кучевых, слоистых, кучевых или кучево-дождевых облаков нет.","Облаков нет.","2500 или более, или облаков нет.","Высококучевых, высокослоистых или слоисто-дождевых облаков нет.","Перистые нитевидные, иногда когтевидные, не распространяющиеся по небу.","10,0","2,7",,,,,,
"11.04.2019 06:00","7,4","753,9","764,7","-0,1",71,"Ветер, дующий с юго-востока",2,,,"100%."," ",,,"7,2",,"Слоисто-кучевых, слоистых, кучевых или кучево-дождевых облаков нет.","70 – 80%.","2500 или более, или облаков нет.","Высококучевые просвечивающие, расположенные на одном уровне.","Перистые плотные в виде клочьев или скрученных склонов, количество которых обычно не увеличивается, иногда могут казаться остатками верхней части кучево-дождевых; или перистые башенкообразные, или перистые хлопьевидные.","10,0","2,5","Осадков нет",12,,,"Слежавшийся или мокрый снег (со льдом или без него), покрывающий по крайней мере половину поверхности почвы, но почва не покрыта полностью.",12
"11.04.2019 03:00","7,8","754,0","764,8","-0,3",70,"Ветер, дующий с востоко-юго-востока",1,,,"90  или более, но не 100%"," ",,,,,"Слоисто-кучевых, слоистых, кучевых или кучево-дождевых облаков нет.","90  или более, но не 100%","2500 или более, или облаков нет.","Высококучевые просвечивающие, расположенные на одном уровне.","Перистых, перисто-кучевых или перисто-слоистых нет.","10,0","2,7",,,,,,
"11.04.2019 00:00","8,4","754,3","765,1","-0,3",68,"Ветер, дующий с востока",2,,,"20–30%."," ",,,,,"Слоисто-кучевых, слоистых, кучевых или кучево-дождевых облаков нет.","20–30%.","2500 или более, или облаков нет.","Высококучевые просвечивающие, расположенные на одном уровне.","Перистых, перисто-кучевых или перисто-слоистых нет.","10,0","2,8",,,,,,
"10.04.2019 21:00","10,3","754,6","765,2","0,3",63,"Ветер, дующий с востока",2,,,"20–30%."," ",,,,,"Слоисто-кучевых, слоистых, кучевых или кучево-дождевых облаков нет.","Облаков нет.","2500 или более, или облаков нет.","Высококучевых, высокослоистых или слоисто-дождевых облаков нет.","Перистые плотные в виде клочьев или скрученных склонов, количество которых обычно не увеличивается, иногда могут казаться остатками верхней части кучево-дождевых; или перистые башенкообразные, или перистые хлопьевидные.","10,0","3,5",,,,,,
"10.04.2019 18:00","12,1","754,3","765,0","-0,8",62,"Ветер, дующий с востока",1,,,"100%."," ",,,,"13,2","Слоисто-кучевых, слоистых, кучевых или кучево-дождевых облаков нет.","Облаков нет.","2500 или более, или облаков нет.","Высококучевых, высокослоистых или слоисто-дождевых облаков нет.","Перистые плотные в виде клочьев или скрученных склонов, количество которых обычно не увеличивается, иногда могут казаться остатками верхней части кучево-дождевых; или перистые башенкообразные, или перистые хлопьевидные.","10,0","5,0","Осадков нет",12,,,,
"10.04.2019 15:00","12,4","755,1","765,7","-0,2",57,"Ветер, дующий с юго-востока",2,,,"100%."," ",,,,,"Слоисто-кучевых, слоистых, кучевых или кучево-дождевых облаков нет.","Облаков нет.","2500 или более, или облаков нет.","Высококучевых, высокослоистых или слоисто-дождевых облаков нет.","Перисто-слоистые, покрывающие все небо.","10,0","4,0",,,,,,
"10.04.2019 12:00","10,6","755,3","766,0","0,0",60,"Ветер, дующий с юго-юго-востока",2,,,"100%."," ",,,,,"Слоисто-кучевых, слоистых, кучевых или кучево-дождевых облаков нет.","Облаков нет.","2500 или более, или облаков нет.","Высококучевых, высокослоистых или слоисто-дождевых облаков нет.","Перистые (часто в виде полос) и перисто-слоистые, распространяющиеся по небу и в целом обычно уплотняющиеся; сплошная пелена, поднимающаяся над горизонтом выше 45°, не покрывает всего неба.","10,0","3,0",,,,,,
"10.04.2019 09:00","6,9","755,3","766,2","0,2",70,"Ветер, дующий с юго-востока",2,,,"70 – 80%."," ",,,,,"Слоисто-кучевых, слоистых, кучевых или кучево-дождевых облаков нет.","Облаков нет.","2500 или более, или облаков нет.","Высококучевых, высокослоистых или слоисто-дождевых облаков нет.","Перистые (часто в виде полос) и перисто-слоистые, распространяющиеся по небу и в целом обычно уплотняющиеся, но сплошная пелена поднимается над горизонтом менее чем на 45°.","10,0","1,8",,,,,,
"10.04.2019 06:00","2,9","755,1","766,0","0,2",87,"Ветер, дующий с востоко-юго-востока",2,,,"Облаков нет."," ",,,"2,7",,,,,,,"10,0","0,9","Осадков нет",12,,,"Ровный слой слежавшегося или мокрого снега покрывает поверхность почвы полностью.",21
"10.04.2019 03:00","3,5","754,9","765,8","0,2",79,"Ветер, дующий с востока",1,,,"Облаков нет."," ",,,,,,,,,,"10,0","0,1",,,,,,
"10.04.2019 00:00","5,1","754,7","765,6","-0,2",67,"Ветер, дующий с востока",2,,,"Облаков нет."," ",,,,,,,,,,"10,0","-0,6",,,,,,
"09.04.2019 21:00","5,5","754,9","765,8","0,0",70,"Ветер, дующий с востоко-юго-востока",2,,,"Облаков нет."," ",,,,,,,,,,"10,0","0,4",,,,,,
"09.04.2019 18:00","8,0","754,9","765,7","-0,6",57,"Ветер, дующий с юго-востока",1,,,"Облаков нет."," ",,,,"9,0",,,,,,"10,0","-0,1","Осадков нет",12,,,,
"09.04.2019 15:00","8,9","755,5","766,2","-0,3",52,"Ветер, дующий с юго-востока",1,,,"Облаков нет."," ",,,,,,,,,,"10,0","-0,5",,,,,,
"09.04.2019 12:00","7,3","755,8","766,6","-0,3",56,"Ветер, дующий с юго-востока",2,,,"Облаков нет."," ",,,,,,,,,,"10,0","-1,0",,,,,,
"09.04.2019 09:00","5,0","756,1","767,0","-0,1",60,"Ветер, дующий с юго-востока",2,,,"Облаков нет."," ",,,,,,,,,,"10,0","-2,3",,,,,,
"09.04.2019 06:00","0,8","756,2","767,3","0,1",76,"Ветер, дующий с востоко-юго-востока",1,,,"50%."," ",,,"-0,7",,"Слоисто-кучевых, слоистых, кучевых или кучево-дождевых облаков нет.","20–30%.","2500 или более, или облаков нет.","Клочья (часто чечевицеобразные) высококучевых просвечивающих, непрерывно изменяющихся; расположены на одном или более уровнях.","Перистые нитевидные, иногда когтевидные, не распространяющиеся по небу.","10,0","-3,0","Осадков нет",12,,,"Ровный слой слежавшегося или мокрого снега покрывает поверхность почвы полностью.",22
"09.04.2019 03:00","0,0","756,1","767,2","-0,2",78,"Штиль, безветрие",0,,,"40%."," ",,,,,"Слоисто-кучевых, слоистых, кучевых или кучево-дождевых облаков нет.","40%.","2500 или более, или облаков нет.","Клочья (часто чечевицеобразные) высококучевых просвечивающих, непрерывно изменяющихся; расположены на одном или более уровнях.","Перистых, перисто-кучевых или перисто-слоистых нет.","10,0","-3,4",,,,,,
"09.04.2019 00:00","0,4","756,3","767,4","-0,1",78,"Штиль, безветрие",0,,,"Облаков нет."," ",,,,,,,,,,"10,0","-3,0",,,,,,
"08.04.2019 21:00","3,0","756,4","767,5","0,1",66,"Ветер, дующий с юго-юго-востока",1,,,"Облаков нет."," ",,,,,,,,,,"10,0","-2,8",,,,,,
"08.04.2019 18:00","6,4","756,3","767,2","-0,4",52,"Ветер, дующий с юго-юго-востока",1,,,"20–30%."," ",,,,"8,9","Слоисто-кучевых, слоистых, кучевых или кучево-дождевых облаков нет.","20–30%.","2500 или более, или облаков нет.","Высококучевые башенкообразные или хлопьевидные.","Перистых, перисто-кучевых или перисто-слоистых нет.","10,0","-2,8","Осадков нет",12,,,,
"08.04.2019 15:00","8,5","756,7","767,5","-0,6",46,"Ветер, дующий с запада",2,,,"20–30%."," ",,,,,"Слоисто-кучевых, слоистых, кучевых или кучево-дождевых облаков нет.","20–30%.","2500 или более, или облаков нет.","Высококучевые башенкообразные или хлопьевидные.","Перистых, перисто-кучевых или перисто-слоистых нет.","10,0","-2,6",,,,,,
"08.04.2019 12:00","7,8","757,3","768,1","0,0",44,"Ветер, дующий с запада",2,,,"10%  или менее, но не 0"," ",,,,,"Слоисто-кучевых, слоистых, кучевых или кучево-дождевых облаков нет.","Облаков нет.","2500 или более, или облаков нет.","Высококучевых, высокослоистых или слоисто-дождевых облаков нет.","Перистые нитевидные, иногда когтевидные, не распространяющиеся по небу.","10,0","-3,7",,,,,,
"08.04.2019 09:00","5,7","757,3","768,2","0,2",61,"Ветер, дующий с юга",1,,,"Облаков нет."," ",,,,,,,,,,"10,0","-1,3",,,,,,
"08.04.2019 06:00","-1,7","757,1","768,3","0,4",100,"Штиль, безветрие",0,,,"Облаков нет."," ",,,"-1,8",,,,,,,"10,0","-1,7","Осадков нет",12,,,"Ровный слой слежавшегося или мокрого снега покрывает поверхность почвы полностью.",25
"08.04.2019 03:00","-1,3","756,7","767,9","-0,1",99,"Штиль, безветрие",0,,,"Облаков нет."," ",,,,,,,,,,"10,0","-1,4",,,,,,
"08.04.2019 00:00","0,8","756,8","767,9","-0,1",90,"Ветер, дующий с юга",1,,,"Облаков нет."," ",,,,,,,,,,"10,0","-0,7",,,,,,
"07.04.2019 21:00","1,1","756,9","768,0","0,8",100,"Штиль, безветрие",0,,,"Облаков нет."," ",,,,,,,,,,"10,0","1,1",,,,,,
"07.04.2019 18:00","4,0","756,1","767,1","0,3",99,"Штиль, безветрие",0,,,"90  или более, но не 100%","Состояние неба в общем не изменилось. ","Туман или ледяной туман или сильная мгла.","Облака покрывали более половины неба в течение всего соответствующего периода.",,"4,3","Слоисто-кучевые, образовавшиеся не из кучевых.","90  или более, но не 100%","600-1000",,,"10,0","3,8",12,12,,,,
"07.04.2019 15:00","3,8","755,8","766,8","-0,4",100,"Ветер, дующий с юга",1,,,"Небо не видно из-за тумана и/или других метеорологических явлений.","Туман или ледяной туман, неба не видно, ослабел за последний час. ","Дождь.","Туман или ледяной туман или сильная мгла.",,,,,,,,"0,5","3,8",,,,,,
"07.04.2019 12:00","3,2","756,2","767,2","-0,5",100,"Ветер, дующий с юго-юго-востока",2,,,"100%.","Дождь незамерзающий непрерывный слабый в срок наблюдения. ","Дождь.","Облака покрывали более половины неба в течение всего соответствующего периода.",,,"Слоистые разорванные или кучевые разорванные облака плохой погоды, либо те и другие вместе (разорванно-дождевые); обычно расположены под слоистыми или слоисто-дождевыми облаками.","100%.","200-300","Высокослоистые непросвечивающие или слоисто-дождевые.",,"10,0","3,2",,,,,,
"07.04.2019 09:00","3,5","756,7","767,6","-0,8",100,"Ветер, дующий с юго-юго-востока",3,,,"100%.","Дождь незамерзающий непрерывный умеренный в срок наблюдения. ","Дождь.","Облака покрывали более половины неба в течение всего соответствующего периода.","3,0",,"Слоисто-кучевых, слоистых, кучевых или кучево-дождевых облаков нет.","100%.","600-1000","Высокослоистые непросвечивающие или слоисто-дождевые.",,"4,0","3,5",,,,,,
"07.04.2019 06:00","3,4","757,5","768,5","-1,5",95,"Ветер, дующий с востоко-юго-востока",2,,,"100%.","Дождь незамерзающий непрерывный слабый в срок наблюдения. ","Дождь.","Облака покрывали более половины неба в течение всего соответствующего периода.","3,3",,"Слоисто-кучевых, слоистых, кучевых или кучево-дождевых облаков нет.","100%.","600-1000","Высокослоистые непросвечивающие или слоисто-дождевые.",,"10,0","2,7",8,12,,,"Ровный слой слежавшегося или мокрого снега покрывает поверхность почвы полностью.",29
"07.04.2019 03:00","3,3","759,0","770,0","-1,7",99,"Ветер, дующий с востока",3,,,"100%.","Дождь незамерзающий непрерывный слабый в срок наблюдения. ","Дождь.","Облака покрывали более половины неба в течение всего соответствующего периода.",,,"Слоисто-кучевых, слоистых, кучевых или кучево-дождевых облаков нет.","100%.","600-1000","Высокослоистые непросвечивающие или слоисто-дождевые.",,"10,0","3,2",,,,,,
"07.04.2019 00:00","3,5","760,7","771,7","-1,1",95,"Ветер, дующий с востока",3,,,"100%.","Дождь незамерзающий непрерывный слабый в срок наблюдения. ","Дождь.","Облака покрывали более половины неба в течение всего соответствующего периода.",,,"Слоисто-кучевые, образовавшиеся не из кучевых.","70 – 80%.","600-1000","Высокослоистые непросвечивающие или слоисто-дождевые.",,"10,0","2,8",,,,,,
"06.04.2019 21:00","4,2","761,8","772,8","-0,6",78,"Ветер, дующий с востока",3,,,"100%."," ",,,,,"Слоисто-кучевые, образовавшиеся не из кучевых.","50%.","600-1000","Высокослоистые непросвечивающие или слоисто-дождевые.",,"10,0","0,7",,,,,,
"06.04.2019 18:00","5,4","762,4","773,4","-0,4",70,"Ветер, дующий с юго-востока",2,,,"100%."," ",,,,"7,9","Слоисто-кучевые, образовавшиеся не из кучевых.","20–30%.","600-1000","Высококучевые, просвечивающие или плотные в двух или более слоях или высококучевые плотные в одном слое, не распространяющиеся но небу, либо высококучевые с высокослоистыми или слоисто-дождевыми.",,"10,0","0,4","Следы осадков",12,,,,
"06.04.2019 15:00","7,6","762,8","773,7","-0,3",56,"Ветер, дующий с юго-востока",2,,,"70 – 80%.","Состояние неба в общем не изменилось. ","Дождь.","Облака покрывали более половины неба в течение одной части соответствующего периода и половину или менее в течение другой части периода.",,,"Слоисто-кучевые, образовавшиеся не из кучевых.","20–30%.","600-1000","Высококучевые просвечивающие, расположенные на одном уровне.","Перистых, перисто-кучевых или перисто-слоистых нет.","10,0","-0,8",,,,,,
"06.04.2019 12:00","6,4","763,1","774,1","0,7",62,"Ветер, дующий с юго-востока",3,,,"70 – 80%."," ",,,,,"Слоисто-кучевые, образовавшиеся не из кучевых.","40%.","600-1000","Высококучевые просвечивающие, расположенные на одном уровне.","Перистых, перисто-кучевых или перисто-слоистых нет.","10,0","-0,5",,,,,,
"06.04.2019 09:00","5,2","762,4","773,4","1,0",66,"Ветер, дующий с юго-юго-востока",2,,,"20–30%.","Состояние неба в общем не изменилось. ","Облака покрывали более половины неба в течение одной части соответствующего периода и половину или менее в течение другой части периода.","Облака покрывали половину неба или менее в течение всего соответствующего периода.",,,"Слоисто-кучевых, слоистых, кучевых или кучево-дождевых облаков нет.","20–30%.","2500 или более, или облаков нет.","Высококучевые просвечивающие, расположенные на одном уровне.","Перистых, перисто-кучевых или перисто-слоистых нет.","10,0","-0,7",,,,,,
"06.04.2019 06:00","0,5","761,4","772,6","0,5",96,"Ветер, дующий с востока",1,,,"Облаков нет.","Дымка. ","Облака покрывали половину неба или менее в течение всего соответствующего периода.","Облака покрывали половину неба или менее в течение всего соответствующего периода.","0,4",,,,,,,"4,0","0,0","Осадков нет",12,,,"Ровный слой сухого рассыпчатого снега покрывает поверхность почвы полностью.",36
"06.04.2019 03:00","1,0","760,9","772,0","0,7",91,"Ветер, дующий с востока",2,,,"Облаков нет."," ",,,,,,,,,,"10,0","-0,3",,,,,,
"06.04.2019 00:00","1,6","760,2","771,3","0,7",90,"Ветер, дующий с востока",1,,,"Облаков нет."," ",,,,,,,,,,"10,0","0,1",,,,,,
"05.04.2019 21:00","3,4","759,5","770,5","0,6",81,"Ветер, дующий с востока",1,,,"100%."," ",,,,,"Слоисто-кучевые, образовавшиеся не из кучевых.","100%.","600-1000",,,"10,0","0,4",,,,,,
"05.04.2019 18:00","4,2","758,9","769,9","0,2",77,"Ветер, дующий с юго-востока",1,,,"100%."," ",,,,"4,8","Слоисто-кучевые, образовавшиеся не из кучевых.","100%.","600-1000",,,"10,0","0,4","Следы осадков",12,,,,
"05.04.2019 15:00","4,3","758,7","769,6","0,7",77,"Ветер, дующий с юго-востока",1,,,"60%.","Состояние неба в общем не изменилось. ","Снег или дождь со снегом.","Облака покрывали более половины неба в течение всего соответствующего периода.",,,"Слоисто-кучевые, образовавшиеся не из кучевых.","60%.","600-1000","Высококучевых, высокослоистых или слоисто-дождевых облаков нет.","Перистых, перисто-кучевых или перисто-слоистых нет.","10,0","0,6",,,,,,
"05.04.2019 12:00","3,8","758,0","769,0","0,8",69,"Ветер, дующий с юго-востока",2,,,"100%.","Состояние неба в общем не изменилось. ","Снег или дождь со снегом.","Облака покрывали более половины неба в течение всего соответствующего периода.",,,"Слоисто-кучевые, образовавшиеся не из кучевых.","100%.","600-1000",,,"10,0","-1,5",,,,,,
"05.04.2019 09:00","1,6","757,2","768,3","0,9",76,"Ветер, дующий с востока",2,,,"100%.","Снег непрерывный слабый в срок наблюдения. ","Снег или дождь со снегом.","Облака покрывали более половины неба в течение всего соответствующего периода.",,,"Слоисто-кучевых, слоистых, кучевых или кучево-дождевых облаков нет.","100%.","600-1000","Высокослоистые непросвечивающие или слоисто-дождевые.",,"4,0","-2,2",,,,,,
"05.04.2019 06:00","1,5","756,3","767,4","0,2",61,"Ветер, дующий с востока",3,,,"90  или более, но не 100%"," ",,,"1,3",,"Слоисто-кучевые, образовавшиеся не из кучевых.","50%.","1000-1500","Высококучевые просвечивающие, расположенные на одном уровне.","Перистых, перисто-кучевых или перисто-слоистых нет.","10,0","-5,3","Осадков нет",12,,,"Ровный слой сухого рассыпчатого снега покрывает поверхность почвы полностью.",37
"05.04.2019 03:00","2,3","756,1","767,1","-0,1",50,"Ветер, дующий с востока",3,,,"70 – 80%."," ",,,,,"Слоисто-кучевые, образовавшиеся не из кучевых.","70 – 80%.","1000-1500","Высококучевых, высокослоистых или слоисто-дождевых облаков нет.","Перистых, перисто-кучевых или перисто-слоистых нет.","10,0","-7,2",,,,,,
"05.04.2019 00:00","2,9","756,2","767,2","0,0",46,"Ветер, дующий с востока",2,,,"70 – 80%."," ",,,,,"Слоисто-кучевые, образовавшиеся не из кучевых.","70 – 80%.","1000-1500","Высококучевых, высокослоистых или слоисто-дождевых облаков нет.","Перистых, перисто-кучевых или перисто-слоистых нет.","10,0","-7,6",,,,,,
"04.04.2019 21:00","3,6","756,2","767,2","0,4",52,"Ветер, дующий с востоко-северо-востока",1,,,"70 – 80%."," ",,,,,"Слоисто-кучевых, слоистых, кучевых или кучево-дождевых облаков нет.","Облаков нет.","2500 или более, или облаков нет.","Клочья (часто чечевицеобразные) высококучевых просвечивающих, непрерывно изменяющихся; расположены на одном или более уровнях.","Перистые нитевидные, иногда когтевидные, не распространяющиеся по небу.","10,0","-5,5",,,,,,
"04.04.2019 18:00","6,1","755,8","766,7","0,0",39,"Ветер, дующий с востока",2,,,"70 – 80%."," ",,,,"7,3","Слоисто-кучевых, слоистых, кучевых или кучево-дождевых облаков нет.","50%.","2500 или более, или облаков нет.","Клочья (часто чечевицеобразные) высококучевых просвечивающих, непрерывно изменяющихся; расположены на одном или более уровнях.","Перистые нитевидные, иногда когтевидные, не распространяющиеся по небу.","10,0","-7,1","Осадков нет",12,,,,
"04.04.2019 15:00","6,8","755,8","766,6","-0,2",40,"Ветер, дующий с востоко-северо-востока",3,,,"60%."," ",,,,,"Слоисто-кучевых, слоистых, кучевых или кучево-дождевых облаков нет.","20–30%.","2500 или более, или облаков нет.","Клочья (часто чечевицеобразные) высококучевых просвечивающих, непрерывно изменяющихся; расположены на одном или более уровнях.","Перистые нитевидные, иногда когтевидные, не распространяющиеся по небу.","10,0","-6,0",,,,,,
"04.04.2019 12:00","6,1","756,0","766,9","0,2",40,"Ветер, дующий с северо-востока",2,,,"90  или более, но не 100%"," ",,,,,"Слоисто-кучевых, слоистых, кучевых или кучево-дождевых облаков нет.","20–30%.","2500 или более, или облаков нет.","Клочья (часто чечевицеобразные) высококучевых просвечивающих, непрерывно изменяющихся; расположены на одном или более уровнях.","Перистые нитевидные, иногда когтевидные, не распространяющиеся по небу.","10,0","-6,5",,,,,,
"04.04.2019 09:00","2,7","755,8","766,9","0,2",42,"Ветер, дующий с северо-востока",3,,,"90  или более, но не 100%"," ",,,,,"Слоисто-кучевых, слоистых, кучевых или кучево-дождевых облаков нет.","Облаков нет.","2500 или более, или облаков нет.","Высококучевых, высокослоистых или слоисто-дождевых облаков нет.","Перистые нитевидные, иногда когтевидные, не распространяющиеся по небу.","10,0","-9,1",,,,,,
"04.04.2019 06:00","-0,8","755,6","766,7","0,5",47,"Ветер, дующий с северо-северо-востока",1,,,"90  или более, но не 100%"," ",,,"-0,9",,"Слоисто-кучевых, слоистых, кучевых или кучево-дождевых облаков нет.","Облаков нет.","2500 или более, или облаков нет.","Высококучевых, высокослоистых или слоисто-дождевых облаков нет.","Перистые нитевидные, иногда когтевидные, не распространяющиеся по небу.","10,0","-10,7","Осадков нет",12,,,"Ровный слой сухого рассыпчатого снега покрывает поверхность почвы полностью.",38
"04.04.2019 03:00","0,6","755,1","766,2","0,0",43,"Ветер, дующий с севера",2,,,"Облаков нет."," ",,,,,,,,,,"10,0","-10,8",,,,,,
"04.04.2019 00:00","1,9","755,1","766,1","0,0",40,"Ветер, дующий с северо-востока",2,,,"70 – 80%."," ",,,,,"Слоисто-кучевых, слоистых, кучевых или кучево-дождевых облаков нет.","Облаков нет.","2500 или более, или облаков нет.","Высококучевых, высокослоистых или слоисто-дождевых облаков нет.","Перистые нитевидные, иногда когтевидные, не распространяющиеся по небу.","10,0","-10,4",,,,,,
"03.04.2019 21:00","2,8","755,1","766,1","0,4",38,"Ветер, дующий с северо-северо-востока",1,,,"70 – 80%."," ",,,,,"Слоисто-кучевых, слоистых, кучевых или кучево-дождевых облаков нет.","Облаков нет.","2500 или более, или облаков нет.","Высококучевых, высокослоистых или слоисто-дождевых облаков нет.","Перистые нитевидные, иногда когтевидные, не распространяющиеся по небу.","10,0","-10,3",,,,,,
"03.04.2019 18:00","5,1","754,7","765,6","0,0",35,"Ветер, дующий с северо-востока",2,,11,"100%."," ",,,,"6,3","Слоисто-кучевых, слоистых, кучевых или кучево-дождевых облаков нет.","Облаков нет.","2500 или более, или облаков нет.","Высококучевых, высокослоистых или слоисто-дождевых облаков нет.","Перистые (часто в виде полос) и перисто-слоистые, распространяющиеся по небу и в целом обычно уплотняющиеся, но сплошная пелена поднимается над горизонтом менее чем на 45°.","10,0","-9,3","Осадков нет",12,,,,
"03.04.2019 15:00","5,1","754,7","765,6","-0,6",35,"Ветер, дующий с северо-востока",2,,12,"100%."," ",,,,"6,3","Слоисто-кучевых, слоистых, кучевых или кучево-дождевых облаков нет.","Облаков нет.","2500 или более, или облаков нет.","Высококучевых, высокослоистых или слоисто-дождевых облаков нет.","Перистые (часто в виде полос) и перисто-слоистые, распространяющиеся по небу и в целом обычно уплотняющиеся, но сплошная пелена поднимается над горизонтом менее чем на 45°.","10,0","-9,3","Осадков нет",12,,,,
"03.04.2019 12:00","4,6","755,3","766,3","-0,3",44,"Ветер, дующий с севера",3,,12,"100%."," ",,,,,"Слоисто-кучевых, слоистых, кучевых или кучево-дождевых облаков нет.","Облаков нет.","2500 или более, или облаков нет.","Высококучевых, высокослоистых или слоисто-дождевых облаков нет.","Перистые (часто в виде полос) и перисто-слоистые, распространяющиеся по небу и в целом обычно уплотняющиеся, но сплошная пелена поднимается над горизонтом менее чем на 45°.","10,0","-6,8",,,,,,
"03.04.2019 09:00","2,2","755,6","766,6","-0,8",46,"Ветер, дующий с севера",3,,,"90  или более, но не 100%"," ",,,,,"Слоисто-кучевых, слоистых, кучевых или кучево-дождевых облаков нет.","Облаков нет.","2500 или более, или облаков нет.","Высококучевых, высокослоистых или слоисто-дождевых облаков нет.","Перистые (часто в виде полос) и перисто-слоистые, распространяющиеся по небу и в целом обычно уплотняющиеся, но сплошная пелена поднимается над горизонтом менее чем на 45°.","10,0","-8,4",,,,,,
"03.04.2019 06:00","-0,4","756,4","767,5",,54,"Ветер, дующий с севера",3,,,"90  или более, но не 100%"," ",,,"-0,8",,"Слоисто-кучевых, слоистых, кучевых или кучево-дождевых облаков нет.","Облаков нет.","2500 или более, или облаков нет.","Высококучевых, высокослоистых или слоисто-дождевых облаков нет.","Перистые когтевидные или нитевидные или первые и вторые, распространяющиеся по небу и в целом обычно уплотняющиеся.","10,0","-8,6","Осадков нет",12,,,"Ровный слой сухого рассыпчатого снега покрывает поверхность почвы полностью.",44
"03.04.2019 00:00","1,0","757,3","768,4","-0,2",51,"Ветер, дующий с северо-востока",1,,,"Облаков нет."," ",,,,,,,,,,"10,0","-8,1",,,,,,
"02.04.2019 21:00","2,8","757,5","768,5","0,7",47,"Ветер, дующий с севера",2,,,"Облаков нет."," ",,,,,,,,,,"10,0","-7,4",,,,,,
"02.04.2019 18:00","5,6","756,8","767,8","-0,2",37,"Ветер, дующий с севера",3,,,"20–30%."," ",,,,"7,2","Слоисто-кучевых, слоистых, кучевых или кучево-дождевых облаков нет.","Облаков нет.","2500 или более, или облаков нет.","Высококучевых, высокослоистых или слоисто-дождевых облаков нет.","Перистые нитевидные, иногда когтевидные, не распространяющиеся по небу.","10,0","-8,1","Осадков нет",12,,,,
"02.04.2019 15:00","6,7","757,0","767,8","0,0",35,"Ветер, дующий с востоко-северо-востока",3,,,"60%."," ",,,,,"Слоисто-кучевых, слоистых, кучевых или кучево-дождевых облаков нет.","40%.","2500 или более, или облаков нет.","Высококучевые просвечивающие, расположенные на одном уровне.","Перистые когтевидные или нитевидные или первые и вторые, распространяющиеся по небу и в целом обычно уплотняющиеся.","10,0","-8,0",,,,,,
"02.04.2019 12:00","6,9","757,0","767,8","0,7",37,"Ветер, дующий с востоко-северо-востока",2,,,"20–30%."," ",,,,,"Слоисто-кучевых, слоистых, кучевых или кучево-дождевых облаков нет.","20–30%.","2500 или более, или облаков нет.","Высококучевые башенкообразные или хлопьевидные.","Перистых, перисто-кучевых или перисто-слоистых нет.","10,0","-6,9",,,,,,
"02.04.2019 09:00","5,0","756,3","767,2","1,4",46,"Ветер, дующий с востока",3,,,"10%  или менее, но не 0"," ",,,"2,0",,"Слоисто-кучевых, слоистых, кучевых или кучево-дождевых облаков нет.","10%  или менее, но не 0","2500 или более, или облаков нет.","Высококучевые башенкообразные или хлопьевидные.","Перистых, перисто-кучевых или перисто-слоистых нет.","10,0","-5,8",,,,,,
"02.04.2019 06:00","2,3","754,9","765,9","1,2",60,"Ветер, дующий с северо-востока",2,,,"70 – 80%."," ",,,"2,2",,"Слоисто-кучевые, образовавшиеся не из кучевых.","70 – 80%.","600-1000","Высококучевых, высокослоистых или слоисто-дождевых облаков нет.","Перистых, перисто-кучевых или перисто-слоистых нет.","10,0","-4,7","Осадков нет",12,,,"Ровный слой сухого рассыпчатого снега покрывает поверхность почвы полностью.",47
"02.04.2019 03:00","2,6","753,7","764,6","1,1",62,"Ветер, дующий с востоко-северо-востока",2,,,"100%."," ",,,,,"Слоисто-кучевые, образовавшиеся не из кучевых.","100%.","600-1000",,,"10,0","-4,0",,,,,,
"02.04.2019 00:00","3,5","752,6","763,6","1,3",56,"Ветер, дующий с востока",1,,,"100%."," ",,,,,"Слоисто-кучевые, образовавшиеся не из кучевых.","100%.","600-1000",,,"10,0","-4,5",,,,,,
"01.04.2019 21:00","4,4","751,3","762,1","2,0",58,"Ветер, дующий с востока",1,,,"10%  или менее, но не 0"," ",,,,,"Слоисто-кучевые, образовавшиеся не из кучевых.","10%  или менее, но не 0","600-1000","Высококучевых, высокослоистых или слоисто-дождевых облаков нет.","Перистых, перисто-кучевых или перисто-слоистых нет.","10,0","-3,3",,,,,,
"01.04.2019 18:00","5,9","749,3","760,1","1,6",60,"Ветер, дующий с западо-северо-запада",2,,,"20–30%."," ",,,,"7,4","Слоисто-кучевые, образовавшиеся не из кучевых.","20–30%.","600-1000","Высококучевых, высокослоистых или слоисто-дождевых облаков нет.","Перистых, перисто-кучевых или перисто-слоистых нет.","10,0","-1,3","Осадков нет",12,,,,
"01.04.2019 15:00","6,7","747,7","758,5","1,8",61,"Ветер, дующий с запада",3,,,"60%."," ",,,,,"Слоисто-кучевые, образовавшиеся не из кучевых.","20–30%.","600-1000","Высококучевые просвечивающие, расположенные на одном уровне.","Перистых, перисто-кучевых или перисто-слоистых нет.","10,0","-0,4",,,,,,
"01.04.2019 12:00","6,3","745,9","756,6","2,1",66,"Ветер, дующий с запада",3,,,"90  или более, но не 100%"," ",,,,,"Слоисто-кучевые, образовавшиеся не из кучевых.","50%.","600-1000","Высококучевые просвечивающие, расположенные на одном уровне.","Перистых, перисто-кучевых или перисто-слоистых нет.","10,0","0,3",,,,,,
"01.04.2019 09:00","5,8","743,8","754,5","0,9",74,"Ветер, дующий с запада",1,,,"70 – 80%."," ",,,,,"Слоисто-кучевые, образовавшиеся не из кучевых.","20–30%.","600-1000","Высококучевые просвечивающие, расположенные на одном уровне.","Перистые нитевидные, иногда когтевидные, не распространяющиеся по небу.","10,0","1,4",,,,,,
"01.04.2019 06:00","3,6","742,9","753,7","-1,0",83,"Ветер, дующий с западо-юго-запада",1,,,"50%."," ",,,"2,4",,"Слоисто-кучевых, слоистых, кучевых или кучево-дождевых облаков нет.","20–30%.","2500 или более, или облаков нет.","Клочья (часто чечевицеобразные) высококучевых просвечивающих, непрерывно изменяющихся; расположены на одном или более уровнях.","Перистые нитевидные, иногда когтевидные, не распространяющиеся по небу.","10,0","1,0","Осадков нет",12,,,"Ровный слой слежавшегося или мокрого снега покрывает поверхность почвы полностью.",48
"01.04.2019 03:00","4,4","743,9","754,6","-0,6",78,"Ветер, дующий с юга",1,,,"40%."," ",,,,,"Слоисто-кучевых, слоистых, кучевых или кучево-дождевых облаков нет.","Облаков нет.","2500 или более, или облаков нет.","Высококучевых, высокослоистых или слоисто-дождевых облаков нет.","Перистые нитевидные, иногда когтевидные, не распространяющиеся по небу.","10,0","0,8",,,,,,
"01.04.2019 00:00","5,3","744,5","755,3","-0,4",73,"Ветер, дующий с западо-юго-запада",2,,,"Облаков нет."," ",,,,,,,,,,"10,0","0,7",,,,,,
